{"cameraMode":{"drawMode":0,"name":"Shaded","section":"Shading Mode"},"sceneLighting":true,"audioPlay":false,"sceneViewState":{"m_AlwaysRefresh":false,"showFog":true,"showSkybox":true,"showFlares":true,"showImageEffects":true,"showParticleSystems":true,"showVisualEffectGraphs":true,"m_FxEnabled":true},"in2DMode":false,"pivot":{"x":-14.785773277282715,"y":-13.737957954406739,"z":15.233349800109864},"rotation":{"x":0.2898625135421753,"y":0.23020851612091065,"z":-0.07206975668668747,"w":0.9261943697929382},"size":26.45839500427246,"orthographic":false}