{"cameraMode":{"drawMode":0,"name":"Shaded","section":"Shading Mode"},"sceneLighting":true,"audioPlay":false,"sceneViewState":{"m_AlwaysRefresh":false,"showFog":true,"showSkybox":true,"showFlares":true,"showImageEffects":true,"showParticleSystems":true,"showVisualEffectGraphs":true,"m_FxEnabled":true},"in2DMode":false,"pivot":{"x":-0.11397075653076172,"y":2.651773452758789,"z":-6.482868194580078},"rotation":{"x":0.05876540765166283,"y":-0.9410122632980347,"z":0.22461578249931336,"w":0.24622619152069093},"size":4.612640857696533,"orthographic":false}